{"cameraMode":{"drawMode":0,"name":"Shaded","section":"Shading Mode"},"sceneLighting":false,"audioPlay":false,"sceneViewState":{"showFog":true,"showMaterialUpdate":false,"showSkybox":false,"showFlares":true,"showImageEffects":true,"showParticleSystems":true,"showVisualEffectGraphs":true,"m_FxEnabled":true},"in2DMode":false,"pivot":{"x":-0.21161340177059174,"y":-0.2007685750722885,"z":0.5723077058792114},"rotation":{"x":-0.11746057122945786,"y":0.8792117238044739,"z":-0.36818259954452517,"w":-0.2802165746688843},"size":1.4750006198883057,"orthographic":false}