{"cameraMode":{"drawMode":0,"name":"Shaded","section":"Shading Mode"},"sceneLighting":false,"audioPlay":false,"sceneViewState":{"showFog":true,"showMaterialUpdate":false,"showSkybox":false,"showFlares":true,"showImageEffects":true,"showParticleSystems":true,"showVisualEffectGraphs":true,"m_FxEnabled":true},"in2DMode":false,"pivot":{"x":-0.8505658507347107,"y":0.4543325901031494,"z":0.13269932568073274},"rotation":{"x":-0.37804287672042849,"y":0.6137493848800659,"z":-0.5504747033119202,"w":-0.42147645354270937},"size":0.6414047479629517,"orthographic":false}