{"cameraMode":{"drawMode":0,"name":"Shaded","section":"Shading Mode"},"sceneLighting":false,"audioPlay":false,"sceneViewState":{"showFog":true,"showMaterialUpdate":false,"showSkybox":false,"showFlares":true,"showImageEffects":true,"showParticleSystems":true,"showVisualEffectGraphs":true,"m_FxEnabled":true},"in2DMode":false,"pivot":{"x":-0.7301985621452332,"y":0.2901720404624939,"z":0.007060759235173464},"rotation":{"x":-0.025936460122466089,"y":-0.37594959139823916,"z":0.010331861674785614,"w":-0.926685631275177},"size":0.7088729739189148,"orthographic":false}