{"cameraMode":{"drawMode":0,"name":"Shaded","section":"Shading Mode"},"sceneLighting":false,"audioPlay":false,"sceneViewState":{"showFog":true,"showMaterialUpdate":false,"showSkybox":false,"showFlares":true,"showImageEffects":true,"showParticleSystems":true,"showVisualEffectGraphs":true,"m_FxEnabled":true},"in2DMode":false,"pivot":{"x":0.49999988079071047,"y":0.05000001937150955,"z":-0.5000001788139343},"rotation":{"x":-0.5286317467689514,"y":0.3614133298397064,"z":-0.26502132415771487,"w":-0.7214931845664978},"size":0.7088725566864014,"orthographic":false}