{"cameraMode":{"drawMode":0,"name":"Shaded","section":"Shading Mode"},"sceneLighting":false,"audioPlay":false,"sceneViewState":{"showFog":true,"showMaterialUpdate":false,"showSkybox":false,"showFlares":true,"showImageEffects":true,"showParticleSystems":true,"showVisualEffectGraphs":true,"m_FxEnabled":true},"in2DMode":false,"pivot":{"x":0.2701902389526367,"y":0.050000082701444629,"z":0.7107197046279907},"rotation":{"x":-0.006062615662813187,"y":-0.9526069164276123,"z":0.305050253868103,"w":-0.018704410642385484},"size":0.6943259835243225,"orthographic":false}