{"cameraMode":{"drawMode":0,"name":"Shaded","section":"Shading Mode"},"sceneLighting":false,"audioPlay":false,"sceneViewState":{"showFog":true,"showMaterialUpdate":false,"showSkybox":false,"showFlares":true,"showImageEffects":true,"showParticleSystems":true,"showVisualEffectGraphs":true,"m_FxEnabled":true},"in2DMode":false,"pivot":{"x":-0.2219124734401703,"y":0.07999999821186066,"z":-0.25760510563850405},"rotation":{"x":-0.19188277423381806,"y":0.7915998101234436,"z":-0.4913869798183441,"w":-0.30873650312423708},"size":0.3329275846481323,"orthographic":false}