{"cameraMode":{"drawMode":0,"name":"Shaded","section":"Shading Mode"},"sceneLighting":false,"audioPlay":false,"sceneViewState":{"showFog":true,"showMaterialUpdate":false,"showSkybox":false,"showFlares":true,"showImageEffects":true,"showParticleSystems":true,"showVisualEffectGraphs":true,"m_FxEnabled":true},"in2DMode":false,"pivot":{"x":-0.2084873765707016,"y":0.4678332805633545,"z":-0.2012387067079544},"rotation":{"x":0.4988171458244324,"y":-0.4925380051136017,"z":0.43276527523994448,"w":0.5670713186264038},"size":0.08786576986312866,"orthographic":false}